repository_name;repository_url
multi-auth;https://github.com/Hesto/multi-auth
angular-materialize;https://github.com/krescruz/angular-materialize
appr;https://github.com/FormidableLabs/appr
kongfig;https://github.com/mybuilder/kongfig
webpack-hot-server-example;https://github.com/ericclemmons/webpack-hot-server-example
oauth-ng;https://github.com/angularjs-oauth/oauth-ng
nmt-list;https://github.com/jonsafari/nmt-list
sketch-android-assets;https://github.com/zmalltalker/sketch-android-assets
sketch-android-assets;https://github.com/zmalltalker/sketch-android-assets
MSSimpleGauge;https://github.com/sabymike/MSSimpleGauge
JSDecoupledAppDelegate;https://github.com/JaviSoto/JSDecoupledAppDelegate
interactive-make;https://github.com/laracademy/interactive-make
yoga2;https://github.com/prisma-labs/yoga2
NibDesignable;https://github.com/mbogh/NibDesignable
monocle;https://github.com/saucelabs/monocle
elixir-pipes;https://github.com/batate/elixir-pipes
jubilee;https://github.com/isaiah/jubilee
flexbox-react;https://github.com/nachoaIvarez/flexbox-react
q-io;https://github.com/kriskowal/q-io
q-io;https://github.com/kriskowal/q-io
css-hot-loader;https://github.com/shepherdwind/css-hot-loader
Argon;https://github.com/benhmoore/Argon
JSQWebViewController;https://github.com/jessesquires/JSQWebViewController
pretty-format;https://github.com/jamiebuilds/pretty-format
XCTAssertAutolayout;https://github.com/tarunon/XCTAssertAutolayout
lecture-experience;https://github.com/jeverd/lecture-experience
EVURLCache;https://github.com/evermeer/EVURLCache
elasticsearch-migration;https://github.com/elastic/elasticsearch-migration
NYBus;https://github.com/amitshekhariitbhu/NYBus
dialog-generation-paper;https://github.com/tsenghungchen/dialog-generation-paper
dialog-generation-paper;https://github.com/tsenghungchen/dialog-generation-paper
Spine;https://github.com/wvteijlingen/Spine
pareto.js;https://github.com/concretesolutions/pareto.js
Heimdall.droid;https://github.com/trivago/Heimdall.droid
react-native-snippets;https://github.com/shrugs/react-native-snippets
SWA-Scraper;https://github.com/wcrasta/SWA-Scraper
trySwiftAppFinal;https://github.com/tryswift/trySwiftAppFinal
vbench;https://github.com/wesm/vbench
fog;https://github.com/vitorgalvao/fog
Chandelier;https://github.com/prolificinteractive/Chandelier
zend-stratigility;https://github.com/zendframework/zend-stratigility
zend-stratigility;https://github.com/zendframework/zend-stratigility
SSCheckBoxView;https://github.com/ahmetardal/SSCheckBoxView
tugboat;https://github.com/remind101/tugboat
SSCheckBoxView;https://github.com/ahmetardal/SSCheckBoxView
tugboat;https://github.com/remind101/tugboat
permanent_records;https://github.com/JackDanger/permanent_records
scala-ssh;https://github.com/sirthias/scala-ssh
org.openhab.ui.habmin;https://github.com/openhab/org.openhab.ui.habmin
react-native-screcorder;https://github.com/maxs15/react-native-screcorder
uibook;https://github.com/vrizo/uibook
hdfs-du;https://github.com/twitter-archive/hdfs-du
plugin-graphql;https://github.com/vuex-orm/plugin-graphql
hdfs-du;https://github.com/twitter-archive/hdfs-du
plugin-graphql;https://github.com/vuex-orm/plugin-graphql
metal.js;https://github.com/metal/metal.js
jQuery-TubePlayer-Plugin;https://github.com/nirvanatikku/jQuery-TubePlayer-Plugin
gobin;https://github.com/myitcv/gobin
letsencrypt-rails-heroku;https://github.com/pixielabs/letsencrypt-rails-heroku
Falcor;https://github.com/NVIDIA/Falcor
Falcor;https://github.com/NVIDIA/Falcor
ScnSocialAuth;https://github.com/SocalNick/ScnSocialAuth
ClearGDPR;https://github.com/ClearGDPR/ClearGDPR
dfs-datastores;https://github.com/nathanmarz/dfs-datastores
platform;https://github.com/spring-attic/platform
dfs-datastores;https://github.com/nathanmarz/dfs-datastores
platform;https://github.com/spring-attic/platform
shortcode;https://github.com/kernow/shortcode
shortcode;https://github.com/kernow/shortcode
elmfire;https://github.com/ThomasWeiser/elmfire
FHSTwitterEngine;https://github.com/natesymer/FHSTwitterEngine
FHSTwitterEngine;https://github.com/natesymer/FHSTwitterEngine
bigkeeper;https://github.com/eleme/bigkeeper
styled-is;https://github.com/yldio/styled-is
voyager-hooks;https://github.com/larapack/voyager-hooks
styled-is;https://github.com/yldio/styled-is
voyager-hooks;https://github.com/larapack/voyager-hooks
sprig;https://github.com/vigetlabs/sprig
pyapi-gitlab;https://github.com/pyapi-gitlab/pyapi-gitlab
react-select-fast-filter-options;https://github.com/bvaughn/react-select-fast-filter-options
react-times;https://github.com/ecmadao/react-times
react-select-fast-filter-options;https://github.com/bvaughn/react-select-fast-filter-options
react-times;https://github.com/ecmadao/react-times
react-native-immutable-list-view;https://github.com/cooperka/react-native-immutable-list-view
redux-slider-monitor;https://github.com/calesce/redux-slider-monitor
regressor;https://github.com/ndea/regressor
rc-tools;https://github.com/react-component/rc-tools
talks;https://github.com/kachayev/talks
SeaEye;https://github.com/nolaneo/SeaEye
brainstem;https://github.com/mavenlink/brainstem
react-native-opentok;https://github.com/callstack/react-native-opentok
Brancher;https://github.com/AI-DI/Brancher
collection-strawman;https://github.com/scala/collection-strawman
element-patch;https://github.com/leezng/element-patch
bostonrb;https://github.com/bostonrb/bostonrb
gpymusic;https://github.com/christopher-dG/gpymusic
extra.css;https://github.com/una/extra.css
PySonar;https://github.com/iamtrask/PySonar
wecos;https://github.com/tencentyun/wecos
akka-meta;https://github.com/akka/akka-meta
URITemplate.swift;https://github.com/kylef/URITemplate.swift
URITemplate.swift;https://github.com/kylef/URITemplate.swift
angular-swiper;https://github.com/ksachdeva/angular-swiper
flask-markdown;https://github.com/dcolish/flask-markdown
docker-druid;https://github.com/druid-io/docker-druid
fab-circular-menu;https://github.com/marianocordoba/fab-circular-menu
tensorfx;https://github.com/TensorLab/tensorfx
MacLexa;https://github.com/kunal732/MacLexa
tensorfx;https://github.com/TensorLab/tensorfx
hasvuepassedreactyet;https://github.com/stursby/hasvuepassedreactyet
ConductorMVP;https://github.com/jshvarts/ConductorMVP
hasvuepassedreactyet;https://github.com/stursby/hasvuepassedreactyet
ConductorMVP;https://github.com/jshvarts/ConductorMVP
thread_safe;https://github.com/ruby-concurrency/thread_safe
carrierwave-aliyun;https://github.com/huacnlee/carrierwave-aliyun
