name;stars;url;age_years;primary_language;releases
JavaGuide;137463;https://github.com/Snailclimb/JavaGuide;5.39;Java;0
react-native;112155;https://github.com/facebook/react-native;8.72;Java;275
java-design-patterns;83864;https://github.com/iluwatar/java-design-patterns;9.14;Java;0
guava;48346;https://github.com/google/guava;9.33;Java;40
spring-boot;69486;https://github.com/spring-projects/spring-boot;10.94;Java;249
dex2jar;11234;https://github.com/pxb1988/dex2jar;8.54;Java;7
elasticsearch;65222;https://github.com/elastic/elasticsearch;13.64;Java;123
interviews;60421;https://github.com/kdn251/interviews;6.62;Java;0
halo;28805;https://github.com/halo-dev/halo;5.52;Java;135
spring-framework;53233;https://github.com/spring-projects/spring-framework;12.81;Java;268
RxJava;47247;https://github.com/ReactiveX/RxJava;10.72;Java;232
ghidra;43095;https://github.com/NationalSecurityAgency/ghidra;4.58;Java;30
retrofit;42003;https://github.com/square/retrofit;13.06;Java;0
dubbo;39404;https://github.com/apache/dubbo;11.28;Java;88
MPAndroidChart;36820;https://github.com/PhilJay/MPAndroidChart;9.43;Java;44
jadx;36341;https://github.com/skylot/jadx;10.53;Java;28
jeecg-boot;35940;https://github.com/jeecgboot/jeecg-boot;4.84;Java;30
tutorials;34927;https://github.com/eugenp/tutorials;10.42;Java;0
hello-algo;34541;https://github.com/krahets/hello-algo;0.89;Java;5
lottie-android;34250;https://github.com/airbnb/lottie-android;6.97;Java;46
glide;33929;https://github.com/bumptech/glide;10.22;Java;47
dbeaver;33890;https://github.com/dbeaver/dbeaver;7.94;Java;184
arthas;33401;https://github.com/alibaba/arthas;5.08;Java;51
hello-algorithm;33257;https://github.com/geekxh/hello-algorithm;3.33;Java;0
AndroidUtilCode;32483;https://github.com/Blankj/AndroidUtilCode;7.16;Java;117
netty;31859;https://github.com/netty/netty;12.89;Java;0
zxing;31524;https://github.com/zxing/zxing;11.96;Java;30
spring-boot-demo;30519;https://github.com/xkcoding/spring-boot-demo;5.88;Java;0
spring-boot-examples;29407;https://github.com/ityouknow/spring-boot-examples;6.89;Java;0
easyexcel;29025;https://github.com/alibaba/easyexcel;5.64;Java;8
apollo;28367;https://github.com/apolloconfig/apollo;7.57;Java;38
selenium;27822;https://github.com/SeleniumHQ/selenium;10.7;Java;86
nacos;27581;https://github.com/alibaba/nacos;5.28;Java;58
druid;27229;https://github.com/alibaba/druid;11.9;Java;48
hutool;27116;https://github.com/dromara/hutool;9.46;Java;135
JCSprout;27003;https://github.com/crossoverJie/JCSprout;5.78;Java;0
canal;26758;https://github.com/alibaba/canal;10.71;Java;27
spring-cloud-alibaba;26458;https://github.com/alibaba/spring-cloud-alibaba;5.82;Java;35
vhr;26346;https://github.com/lenve/vhr;5.73;Java;0
SpringAll;26155;https://github.com/wuyouzhuguli/SpringAll;5.41;Java;0
kafka;25896;https://github.com/apache/kafka;12.12;Java;0
butterknife;25607;https://github.com/JakeWharton/butterknife;10.57;Java;0
fastjson;25454;https://github.com/alibaba/fastjson;11.9;Java;84
NewPipe;25344;https://github.com/TeamNewPipe/NewPipe;8.07;Java;126
xxl-job;25231;https://github.com/xuxueli/xxl-job;7.83;Java;32
proxyee-down;24995;https://github.com/proxyee-down-org/proxyee-down;5.92;Java;49
toBeTopJavaer;24909;https://github.com/hollischuang/toBeTopJavaer;4.92;Java;0
termux-app;24886;https://github.com/termux/termux-app;7.93;Java;89
EventBus;24436;https://github.com/greenrobot/EventBus;11.2;Java;7
SmartRefreshLayout;24397;https://github.com/scwang90/SmartRefreshLayout;6.32;Java;11
seata;24227;https://github.com/seata/seata;4.75;Java;37
Signal-Android;24056;https://github.com/signalapp/Signal-Android;11.79;Java;0
Hystrix;23613;https://github.com/Netflix/Hystrix;10.86;Java;79
leetcode;23345;https://github.com/doocs/leetcode;5.03;Java;19
Telegram;22669;https://github.com/DrKLO/Telegram;9.93;Java;82
gson;22452;https://github.com/google/gson;8.53;Java;6
skywalking;22446;https://github.com/apache/skywalking;7.89;Java;57
flink;22000;https://github.com/apache/flink;9.31;Java;0
libgdx;21991;https://github.com/libgdx/libgdx;11.13;Java;10
redisson;21811;https://github.com/redisson/redisson;9.71;Java;133
jenkins;21459;https://github.com/jenkinsci/jenkins;12.85;Java;290
Sentinel;21430;https://github.com/alibaba/Sentinel;5.48;Java;23
bazel;21397;https://github.com/bazelbuild/bazel;9.3;Java;227
ExoPlayer;21049;https://github.com/google/ExoPlayer;9.29;Java;28
eladmin;20204;https://github.com/elunez/eladmin;4.79;Java;1
ruoyi-vue-pro;19941;https://github.com/YunaiV/ruoyi-vue-pro;2.67;Java;21
rocketmq;19823;https://github.com/apache/rocketmq;6.82;Java;15
RxAndroid;19805;https://github.com/ReactiveX/RxAndroid;9.11;Java;20
DoKit;19673;https://github.com/didi/DoKit;5.12;Java;10
FizzBuzzEnterpriseEdition;19570;https://github.com/EnterpriseQualityCoding/FizzBuzzEnterpriseEdition;10.84;Java;0
mybatis-3;18936;https://github.com/mybatis/mybatis-3;10.62;Java;40
graal;19056;https://github.com/oracle/graal;7.7;Java;32
GSYVideoPlayer;19008;https://github.com/CarGuo/GSYVideoPlayer;6.87;Java;43
shardingsphere;18811;https://github.com/apache/shardingsphere;7.69;Java;54
HikariCP;18697;https://github.com/brettwooldridge/HikariCP;9.97;Java;0
PhotoView;18614;https://github.com/Baseflow/PhotoView;11.2;Java;5
litemall;18381;https://github.com/linlinjava/litemall;5.52;Java;8
cat;18090;https://github.com/dianping/cat;10.81;Java;3
openapi-generator;17699;https://github.com/OpenAPITools/openapi-generator;5.38;Java;58
SpringBoot-Labs;17553;https://github.com/yudaocode/SpringBoot-Labs;5.04;Java;0
SpringCloudLearning;17511;https://github.com/forezp/SpringCloudLearning;6.47;Java;0
keycloak;17487;https://github.com/keycloak/keycloak;10.24;Java;41
Apktool;17324;https://github.com/iBotPeaches/Apktool;11.53;Java;18
fresco;16996;https://github.com/facebook/fresco;8.58;Java;47
jdk;16952;https://github.com/openjdk/jdk;5.03;Java;0
tinker;16882;https://github.com/Tencent/tinker;7.06;Java;54
Android-Universal-Image-Loader;16806;https://github.com/nostra13/Android-Universal-Image-Loader;11.84;Java;0
zheng;16555;https://github.com/shuzheng/zheng;6.98;Java;0
java8-tutorial;16451;https://github.com/winterbe/java8-tutorial;9.54;Java;0
zipkin;16429;https://github.com/openzipkin/zipkin;11.31;Java;72
disruptor;16385;https://github.com/LMAX-Exchange/disruptor;11.02;Java;13
antlr4;15289;https://github.com/antlr/antlr4;13.65;Java;30
springboot-learning-example;15682;https://github.com/JeffLi1993/springboot-learning-example;6.64;Java;0
elasticsearch-analysis-ik;15519;https://github.com/medcl/elasticsearch-analysis-ik;11.79;Java;189
material-components-android;15403;https://github.com/material-components/material-components-android;6.81;Java;81
Android-CleanArchitecture;15386;https://github.com/android10/Android-CleanArchitecture;9.11;Java;0
SpringBoot-Learning;15360;https://github.com/dyc87112/SpringBoot-Learning;7.1;Java;0
Algorithms;15283;https://github.com/williamfiset/Algorithms;6.53;Java;0
JustAuth;15178;https://github.com/justauth/JustAuth;4.65;Java;44
presto;15091;https://github.com/prestodb/presto;11.14;Java;0
mybatis-plus;15080;https://github.com/baomidou/mybatis-plus;7.11;Java;25
VirtualXposed;14643;https://github.com/android-hacker/VirtualXposed;5.82;Java;50
BigData-Notes;14465;https://github.com/heibaiying/BigData-Notes;4.55;Java;0
CircleImageView;14463;https://github.com/hdodenhof/CircleImageView;9.7;Java;0
thingsboard;14401;https://github.com/thingsboard/thingsboard;6.82;Java;56
Grasscutter;14291;https://github.com/Grasscutters/Grasscutter;1.44;Java;17
ARouter;14282;https://github.com/alibaba/ARouter;6.79;Java;16
caffeine;14265;https://github.com/ben-manes/caffeine;8.79;Java;68
mockito;14217;https://github.com/mockito/mockito;10.96;Java;203
DataX;14193;https://github.com/alibaba/DataX;5.69;Java;7
QMUI_Android;14188;https://github.com/Tencent/QMUI_Android;6.44;Java;35
yudao-cloud;14025;https://github.com/YunaiV/yudao-cloud;4.41;Java;6
bytecode-viewer;13956;https://github.com/Konloch/bytecode-viewer;8.96;Java;58
Sa-Token;13910;https://github.com/dromara/Sa-Token;3.65;Java;30
hadoop;13862;https://github.com/apache/hadoop;9.08;Java;0
flink-learning;13825;https://github.com/zhisheng17/flink-learning;4.74;Java;0
vert.x;13766;https://github.com/eclipse-vertx/vert.x;12.28;Java;0
Arduino;13736;https://github.com/arduino/Arduino;13.03;Java;37
logger;13660;https://github.com/orhanobut/logger;8.52;Java;16
logstash;13640;https://github.com/elastic/logstash;12.86;Java;123
Material-Animations;13552;https://github.com/lgvalle/Material-Animations;8.56;Java;0
DSA-Bootcamp-Java;13420;https://github.com/kunal-kushwaha/DSA-Bootcamp-Java;2.16;Java;0
source-code-hunter;13361;https://github.com/doocs/source-code-hunter;3.92;Java;0
Luban;13359;https://github.com/Curzibn/Luban;7.18;Java;6
Android-PickerView;13335;https://github.com/Bigkoo/Android-PickerView;8.75;Java;0
tink;13318;https://github.com/google/tink;9.31;Java;21
deeplearning4j;13158;https://github.com/deeplearning4j/deeplearning4j;9.84;Java;0
pulsar;13139;https://github.com/apache/pulsar;7.25;Java;71
AndroidAutoSize;13125;https://github.com/JessYanCoding/AndroidAutoSize;5.11;Java;14
spring-analysis;13086;https://github.com/seaswalker/spring-analysis;7.05;Java;0
jib;13000;https://github.com/GoogleContainerTools/jib;5.68;Java;151
pinpoint;12999;https://github.com/pinpoint-apm/pinpoint;8.94;Java;55
dataease;12943;https://github.com/dataease/dataease;2.65;Java;56
jd-gui;12919;https://github.com/java-decompiler/jd-gui;8.51;Java;18
zuul;12868;https://github.com/Netflix/zuul;10.55;Java;5
druid;12861;https://github.com/apache/druid;10.93;Java;55
PictureSelector;12715;https://github.com/LuckSiege/PictureSelector;6.73;Java;115
SmartTubeNext;12668;https://github.com/yuliskov/SmartTubeNext;3.16;Java;193
stetho;12652;https://github.com/facebookarchive/stetho;8.68;Java;13
piggymetrics;12613;https://github.com/sqshq/piggymetrics;8.5;Java;2
greenDAO;12586;https://github.com/greenrobot/greenDAO;11.94;Java;8
questdb;12560;https://github.com/questdb/questdb;9.42;Java;71
banner;12495;https://github.com/youth5201314/banner;7.43;Java;0
Matisse;12448;https://github.com/zhihu/Matisse;6.46;Java;15
QtScrcpy;12433;https://github.com/barry-ran/QtScrcpy;4.26;Java;28
AndroidViewAnimations;12344;https://github.com/daimajia/AndroidViewAnimations;9.27;Java;9
mall-learning;12344;https://github.com/macrozheng/mall-learning;4.46;Java;0
AndroidSwipeLayout;12316;https://github.com/daimajia/AndroidSwipeLayout;9.09;Java;18
quarkus;12291;https://github.com/quarkusio/quarkus;5.23;Java;260
lombok;12256;https://github.com/projectlombok/lombok;14.31;Java;0
guice;12158;https://github.com/google/guice;9.33;Java;19
eureka;11998;https://github.com/Netflix/eureka;11.17;Java;147
LSPosed;11965;https://github.com/LSPosed/LSPosed;2.79;Java;38
onedev;11904;https://github.com/theonedev/onedev;4.89;Java;322
spring-boot-admin;11895;https://github.com/codecentric/spring-boot-admin;9.18;Java;111
Mybatis-PageHelper;11836;https://github.com/pagehelper/Mybatis-PageHelper;9.3;Java;12
neo4j;11822;https://github.com/neo4j/neo4j;10.88;Java;72
tech-interview-for-developer;11777;https://github.com/gyoogle/tech-interview-for-developer;4.3;Java;0
VasSonic;11716;https://github.com/Tencent/VasSonic;6.16;Java;10
uCrop;11617;https://github.com/Yalantis/uCrop;7.73;Java;15
Java;11561;https://github.com/DuGuQiuBai/Java;7.84;Java;0
zookeeper;11559;https://github.com/apache/zookeeper;14.51;Java;0
mit-deep-learning-book-pdf;11512;https://github.com/janishar/mit-deep-learning-book-pdf;6.47;Java;3
realm-java;11403;https://github.com/realm/realm-java;11.44;Java;0
jedis;11322;https://github.com/redis/jedis;13.3;Java;89
zaproxy;11266;https://github.com/zaproxy/zaproxy;8.32;Java;336
fullstack-tutorial;11263;https://github.com/frank-lam/fullstack-tutorial;5.46;Java;0
PermissionsDispatcher;11175;https://github.com/permissions-dispatcher/PermissionsDispatcher;8.12;Java;40
dolphinscheduler;11117;https://github.com/apache/dolphinscheduler;4.58;Java;48
SlidingMenu;11109;https://github.com/jfeinstein10/SlidingMenu;11.25;Java;0
matrix;11106;https://github.com/Tencent/matrix;4.79;Java;16
androidannotations;11104;https://github.com/androidannotations/androidannotations;11.73;Java;0
webmagic;10968;https://github.com/code4craft/webmagic;10.43;Java;25
ImmersionBar;10941;https://github.com/gyf-dev/ImmersionBar;6.44;Java;0
CtCI-6th-Edition;10901;https://github.com/careercup/CtCI-6th-Edition;8.24;Java;0
FlycoTabLayout;10892;https://github.com/H07000223/FlycoTabLayout;7.88;Java;4
FileDownloader;10871;https://github.com/lingochamp/FileDownloader;7.77;Java;65
interview;10852;https://github.com/mission-peace/interview;9.19;Java;0
vlayout;10824;https://github.com/alibaba/vlayout;6.58;Java;34
grpc-java;10812;https://github.com/grpc/grpc-java;8.81;Java;149
mall-swarm;10729;https://github.com/macrozheng/mall-swarm;3.84;Java;2
android-async-http;10647;https://github.com/android-async-http/android-async-http;12.61;Java;3
SmarterStreaming;10625;https://github.com/daniulive/SmarterStreaming;7.51;Java;0
okhttp-OkGo;10570;https://github.com/jeasonlzy/okhttp-OkGo;7.7;Java;14
platform_frameworks_base;10496;https://github.com/aosp-mirror/platform_frameworks_base;14.94;Java;0
COLA;10475;https://github.com/alibaba/COLA;5.64;Java;10
JiaoZiVideoPlayer;10460;https://github.com/lipangit/JiaoZiVideoPlayer;7.64;Java;78
RxPermissions;10448;https://github.com/tbruyelle/RxPermissions;8.0;Java;11
javapoet;10434;https://github.com/square/javapoet;10.65;Java;0
android-interview-questions;10387;https://github.com/amitshekhariitbhu/android-interview-questions;6.22;Java;0
newbee-mall;10387;https://github.com/newbee-ltd/newbee-mall;4.02;Java;0
cas;10330;https://github.com/apereo/cas;12.05;Java;251
jsoup;10328;https://github.com/jhy/jsoup;13.78;Java;10
conductor;10263;https://github.com/Netflix/conductor;6.8;Java;317
MVPArms;10238;https://github.com/JessYanCoding/MVPArms;7.14;Java;25
auto;10236;https://github.com/google/auto;10.35;Java;64
metersphere;10175;https://github.com/metersphere/metersphere;3.65;Java;148
Java-WebSocket;9972;https://github.com/TooTallNate/Java-WebSocket;13.69;Java;15
clojure;10137;https://github.com/clojure/clojure;13.25;Java;0
supertokens-core;10086;https://github.com/supertokens/supertokens-core;3.73;Java;40
languagetool;10066;https://github.com/languagetool-org/languagetool;10.14;Java;0
glide-transformations;9818;https://github.com/wasabeef/glide-transformations;8.72;Java;0
jvm;9803;https://github.com/doocs/jvm;5.26;Java;0
cryptomator;9790;https://github.com/cryptomator/cryptomator;9.65;Java;161
easypermissions;9729;https://github.com/googlesamples/easypermissions;7.77;Java;12
Fragmentation;9726;https://github.com/YoKeyword/Fragmentation;7.59;Java;30
AVLoadingIndicatorView;9706;https://github.com/HarlonWang/AVLoadingIndicatorView;7.93;Java;1
OpenRefine;9705;https://github.com/OpenRefine/OpenRefine;10.95;Java;49
paascloud-master;9687;https://github.com/paascloud/paascloud-master;5.53;Java;0
toBeBetterJavaer;9649;https://github.com/itwanger/toBeBetterJavaer;4.88;Java;0
react-native-camera;9640;https://github.com/react-native-camera/react-native-camera;8.49;Java;144
Android-ObservableScrollView;9628;https://github.com/ksoichiro/Android-ObservableScrollView;8.89;Java;0
Activiti;9621;https://github.com/Activiti/Activiti;11.04;Java;382
android-Ultra-Pull-To-Refresh;9607;https://github.com/liaohuqiu/android-Ultra-Pull-To-Refresh;8.87;Java;8
doris;9591;https://github.com/apache/doris;6.13;Java;31
MagicIndicator;9541;https://github.com/hackware1993/MagicIndicator;7.25;Java;12
spark;9537;https://github.com/perwendel/spark;12.4;Java;0
VirtualApp;9523;https://github.com/asLody/VirtualApp;7.23;Java;0
AndroidSlidingUpPanel;9475;https://github.com/umano/AndroidSlidingUpPanel;10.33;Java;8
DanmakuFlameMaster;9462;https://github.com/bilibili/DanmakuFlameMaster;10.13;Java;5
JsBridge;9447;https://github.com/lzyzsd/JsBridge;8.59;Java;0
Mycat-Server;9435;https://github.com/MyCATApache/Mycat-Server;8.82;Java;7
android-gif-drawable;9426;https://github.com/koral--/android-gif-drawable;10.66;Java;60
spring-boot-api-project-seed;9415;https://github.com/lihengming/spring-boot-api-project-seed;6.26;Java;4
PocketHub;9400;https://github.com/pockethub/PocketHub;12.06;Java;1
jjwt;9329;https://github.com/jwtk/jjwt;9.04;Java;0
CoreNLP;9172;https://github.com/stanfordnlp/CoreNLP;10.25;Java;14
debezium;9094;https://github.com/debezium/debezium;7.68;Java;0
resilience4j;9039;https://github.com/resilience4j/resilience4j;8.32;Java;33
feign;9025;https://github.com/OpenFeign/feign;10.25;Java;31
MaterialDesignLibrary;9023;https://github.com/navasmdc/MaterialDesignLibrary;8.99;Java;3
testing-samples;8986;https://github.com/android/testing-samples;8.96;Java;0
cim;8986;https://github.com/crossoverJie/cim;5.36;Java;7
AgentWeb;8975;https://github.com/Justson/AgentWeb;6.38;Java;19
AndroidNote;8974;https://github.com/GcsSloop/AndroidNote;7.73;Java;0
kkFileView;8922;https://github.com/kekingcn/kkFileView;5.79;Java;14
VirtualAPK;8899;https://github.com/didi/VirtualAPK;6.25;Java;4
storm;8870;https://github.com/nathanmarz/storm;12.03;Java;0
StatusBarUtil;8814;https://github.com/laobie/StatusBarUtil;7.62;Java;0
CalendarView;8775;https://github.com/huanghaibin-dev/CalendarView;6.55;Java;0
android-gpuimage;8766;https://github.com/cats-oss/android-gpuimage;10.98;Java;0
Android-PullToRefresh;8731;https://github.com/chrisbanes/Android-PullToRefresh;11.83;Java;0
plantuml;8667;https://github.com/plantuml/plantuml;12.9;Java;33
Android_Data;8662;https://github.com/Freelander/Android_Data;8.48;Java;0
awesome-java-leetcode;8595;https://github.com/Blankj/awesome-java-leetcode;6.45;Java;0
Calligraphy;8591;https://github.com/chrisjenx/Calligraphy;9.77;Java;4
quickstart-android;8575;https://github.com/firebase/quickstart-android;7.42;Java;0
buck;8570;https://github.com/facebook/buck;10.45;Java;57
trino;8553;https://github.com/trinodb/trino;4.69;Java;0
Android-SpinKit;8489;https://github.com/ybq/Android-SpinKit;7.52;Java;0
junit4;8469;https://github.com/junit-team/junit4;14.71;Java;13
Jetpack-MVVM-Best-Practice;8464;https://github.com/KunMinX/Jetpack-MVVM-Best-Practice;3.91;Java;0
Signal-Server;8454;https://github.com/signalapp/Signal-Server;9.8;Java;0
dropwizard;8426;https://github.com/dropwizard/dropwizard;12.69;Java;146
BottomBar;8424;https://github.com/roughike/BottomBar;7.53;Java;4
spider-flow;8413;https://github.com/ssssssss-team/spider-flow;3.5;Java;2
epoxy;8359;https://github.com/airbnb/epoxy;7.13;Java;75
AndResGuard;8350;https://github.com/shwenzhang/AndResGuard;7.96;Java;4
SpringCloud;8319;https://github.com/zhoutaoo/SpringCloud;6.18;Java;0
datahub;8305;https://github.com/datahub-project/datahub;7.86;Java;78
Android-Debug-Database;8259;https://github.com/amitshekhariitbhu/Android-Debug-Database;6.86;Java;12
JsonPath;8240;https://github.com/json-path/JsonPath;12.68;Java;9
cassandra;8212;https://github.com/apache/cassandra;14.36;Java;0
MaterialViewPager;8184;https://github.com/florent37/MaterialViewPager;8.43;Java;11
react-native-image-picker;8165;https://github.com/react-native-image-picker/react-native-image-picker;8.31;Java;125
aws-doc-sdk-examples;8143;https://github.com/awsdocs/aws-doc-sdk-examples;7.11;Java;0
hsweb-framework;8140;https://github.com/hs-web/hsweb-framework;7.69;Java;27
atlas;8104;https://github.com/alibaba/atlas;6.58;Java;7
sonarqube;8077;https://github.com/SonarSource/sonarqube;12.73;Java;42
shenyu;8056;https://github.com/apache/shenyu;5.21;Java;9
EhViewer;8030;https://github.com/seven332/EhViewer;9.38;Java;97
jna;8021;https://github.com/java-native-access/jna;12.42;Java;0
LitePal;8016;https://github.com/guolindev/LitePal;10.6;Java;0
Paper;8000;https://github.com/PaperMC/Paper;7.68;Java;1
spring-security;7977;https://github.com/spring-projects/spring-security;11.72;Java;158
shardingsphere-elasticjob;7953;https://github.com/apache/shardingsphere-elasticjob;8.05;Java;29
SimianArmy;7950;https://github.com/Netflix/SimianArmy;11.23;Java;4
cachecloud;7943;https://github.com/sohutv/cachecloud;7.67;Java;9
tsunami-security-scanner;7939;https://github.com/google/tsunami-security-scanner;3.32;Java;18
hugo;7894;https://github.com/JakeWharton/hugo;9.84;Java;0
HomeMirror;7882;https://github.com/HannahMitt/HomeMirror;8.1;Java;0
checkstyle;7872;https://github.com/checkstyle/checkstyle;10.08;Java;136
material-theme-jetbrains;7859;https://github.com/ChrisRM/material-theme-jetbrains;8.01;Java;17
zfile;7825;https://github.com/zfile-dev/zfile;4.11;Java;61
otter;7820;https://github.com/alibaba/otter;10.14;Java;10
AndroidPdfViewer;7770;https://github.com/barteksc/AndroidPdfViewer;7.32;Java;0
metrics;7760;https://github.com/dropwizard/metrics;13.59;Java;108
UltimateAndroidReference;7734;https://github.com/aritraroy/UltimateAndroidReference;6.47;Java;0
RxLifecycle;7718;https://github.com/trello/RxLifecycle;8.19;Java;22
subsampling-scale-image-view;7642;https://github.com/davemorrissey/subsampling-scale-image-view;10.09;Java;21
flyway;7386;https://github.com/flyway/flyway;10.79;Java;193
Hippy;7603;https://github.com/Tencent/Hippy;3.87;Java;107
litho;7597;https://github.com/facebook/litho;6.67;Java;52
Chat2DB;7560;https://github.com/chat2db/Chat2DB;0.27;Java;13
RxJava-Android-Samples;7559;https://github.com/kaushikgopal/RxJava-Android-Samples;9.18;Java;0
vjtools;7544;https://github.com/vipshop/vjtools;5.33;Java;9
lawnchair;7513;https://github.com/LawnchairLauncher/lawnchair;6.57;Java;25
Ehviewer_CN_SXJ;7479;https://github.com/xiaojieonly/Ehviewer_CN_SXJ;2.88;Java;64
MyBookshelf;7461;https://github.com/gedoor/MyBookshelf;5.29;Java;165
AndroidAsync;7444;https://github.com/koush/AndroidAsync;11.1;Java;0
hellocharts-android;7411;https://github.com/lecho/hellocharts-android;8.96;Java;14
im-server;7399;https://github.com/wildfirechat/im-server;4.68;Java;86
jmeter;7391;https://github.com/apache/jmeter;13.34;Java;8
MVVMHabit;7385;https://github.com/goldze/MVVMHabit;6.19;Java;3
android-classyshark;7375;https://github.com/google/android-classyshark;7.96;Java;17
testcontainers-java;7348;https://github.com/testcontainers/testcontainers-java;8.46;Java;66
karate;7345;https://github.com/karatelabs/karate;6.64;Java;49
dagger;7312;https://github.com/square/dagger;11.15;Java;0
algs4;7300;https://github.com/kevin-wayne/algs4;8.08;Java;0
ShortcutBadger;7294;https://github.com/leolin310148/ShortcutBadger;9.87;Java;0
Android-Bootstrap;7277;https://github.com/Bearded-Hen/Android-Bootstrap;9.91;Java;5
swagger-core;7263;https://github.com/swagger-api/swagger-core;12.23;Java;95
sweet-alert-dialog;7257;https://github.com/pedant/sweet-alert-dialog;8.94;Java;2
SpringCloud-Learning;7254;https://github.com/dyc87112/SpringCloud-Learning;7.1;Java;0
XPopup;7249;https://github.com/li-xiaojun/XPopup;4.81;Java;220
agera;7230;https://github.com/google/agera;7.78;Java;16
UltimateRecyclerView;7227;https://github.com/cymcsg/UltimateRecyclerView;8.67;Java;9
TakePhoto;7226;https://github.com/crazycodeboy/TakePhoto;8.15;Java;15
LeetCode;7185;https://github.com/yuanguangxin/LeetCode;3.71;Java;0
RePlugin;7182;https://github.com/Qihoo360/RePlugin;6.3;Java;18
WeChatLuckyMoney;7169;https://github.com/geeeeeeeeek/WeChatLuckyMoney;7.99;Java;20
Mapper;7156;https://github.com/abel533/Mapper;8.85;Java;5
beam;7152;https://github.com/apache/beam;7.65;Java;33
ActionBarSherlock;7130;https://github.com/JakeWharton/ActionBarSherlock;12.56;Java;32
Shadow;7123;https://github.com/Tencent/Shadow;4.29;Java;5
FrameworkBenchmarks;7113;https://github.com/TechEmpower/FrameworkBenchmarks;10.52;Java;15
closure-compiler;7070;https://github.com/google/closure-compiler;9.45;Java;0
SmartTabLayout;7045;https://github.com/ogaclejapan/SmartTabLayout;8.62;Java;0
xmall;6995;https://github.com/Exrick/xmall;6.17;Java;0
VBlog;6991;https://github.com/lenve/VBlog;5.75;Java;0
react-native-svg;6948;https://github.com/software-mansion/react-native-svg;7.7;Java;98
tomcat;6944;https://github.com/apache/tomcat;11.99;Java;0
pentaho-kettle;6932;https://github.com/pentaho/pentaho-kettle;9.97;Java;1
elasticsearch-sql;6921;https://github.com/NLPchina/elasticsearch-sql;9.1;Java;213
javacv;6913;https://github.com/bytedeco/javacv;9.44;Java;10
gocd;6902;https://github.com/gocd/gocd;9.79;Java;76
Timber;6894;https://github.com/naman14/Timber;8.3;Java;5
okhttputils;6875;https://github.com/hongyangAndroid/okhttputils;8.12;Java;0
kafka-ui;6874;https://github.com/provectus/kafka-ui;3.84;Java;24
DroidPlugin;6824;https://github.com/DroidPluginTeam/DroidPlugin;8.09;Java;2
transmittable-thread-local;6799;https://github.com/alibaba/transmittable-thread-local;9.96;Java;56
flowable-engine;6798;https://github.com/flowable/flowable-engine;6.96;Java;24
SDE-Interview-Questions;6757;https://github.com/twowaits/SDE-Interview-Questions;5.92;Java;1
graylog2-server;6751;https://github.com/Graylog2/graylog2-server;13.37;Java;0
ysoserial;6740;https://github.com/frohoff/ysoserial;8.67;Java;1
aeron;6706;https://github.com/real-logic/aeron;9.64;Java;92
react-native-video;6695;https://github.com/react-native-video/react-native-video;8.5;Java;13
nanohttpd;6684;https://github.com/NanoHttpd/nanohttpd;11.13;Java;3
AndroidAutoLayout;6683;https://github.com/hongyangAndroid/AndroidAutoLayout;7.86;Java;0
angel;6681;https://github.com/Angel-ML/angel;6.42;Java;19
react-native-push-notification;6644;https://github.com/zo0r/react-native-push-notification;7.79;Java;35
walle;6641;https://github.com/Meituan-Dianping/walle;6.71;Java;1
AndPermission;6607;https://github.com/yanzhenjie/AndPermission;7.04;Java;0
AndroidPerformanceMonitor;6577;https://github.com/markzhai/AndroidPerformanceMonitor;7.7;Java;0
error-prone;6563;https://github.com/google/error-prone;9.1;Java;32
mybatis-generator-gui;6539;https://github.com/zouzg/mybatis-generator-gui;7.39;Java;16
Toasty;6523;https://github.com/GrenderG/Toasty;6.69;Java;19
rest-assured;6518;https://github.com/rest-assured/rest-assured;12.94;Java;0
storm;6483;https://github.com/apache/storm;9.9;Java;0
haven;6475;https://github.com/guardianproject/haven;6.58;Java;37
mapstruct;6438;https://github.com/mapstruct/mapstruct;11.34;Java;28
seatunnel;6421;https://github.com/apache/seatunnel;6.15;Java;43
netty-socketio;6419;https://github.com/mrniko/netty-socketio;11.71;Java;12
RoundedImageView;6413;https://github.com/vinc3m1/RoundedImageView;10.6;Java;19
rabbitmq-tutorials;6401;https://github.com/rabbitmq/rabbitmq-tutorials;13.02;Java;0
KnowStreaming;6400;https://github.com/didi/KnowStreaming;3.52;Java;22
processing;6398;https://github.com/processing/processing;10.68;Java;48
spring-cloud-examples;6114;https://github.com/ityouknow/spring-cloud-examples;6.42;Java;0
BookReader;6387;https://github.com/smuyyh/BookReader;7.15;Java;0
android-floating-action-button;6375;https://github.com/zendesk/android-floating-action-button;9.02;Java;0
ansj_seg;6363;https://github.com/NLPchina/ansj_seg;11.06;Java;3
MinecraftForge;6358;https://github.com/MinecraftForge/MinecraftForge;11.66;Java;0
xManager;6329;https://github.com/Team-xManager/xManager;2.63;Java;43
Android-Image-Cropper;6325;https://github.com/ArthurHub/Android-Image-Cropper;8.7;Java;32
jvm-sandbox;6313;https://github.com/alibaba/jvm-sandbox;6.15;Java;13
ion;6299;https://github.com/koush/ion;10.35;Java;0
Aegis;6231;https://github.com/beemdevelopment/Aegis;7.12;Java;55
Spring-Cloud-Platform;6223;https://github.com/wxiaoqi/Spring-Cloud-Platform;6.34;Java;3
JavaTutorial;6222;https://github.com/h2pl/JavaTutorial;5.41;Java;1
Android-skin-support;6206;https://github.com/ximsfei/Android-skin-support;6.71;Java;0
springBoot;6170;https://github.com/527515025/springBoot;6.89;Java;0
JFoenix;6169;https://github.com/sshahine/JFoenix;8.05;Java;0
async-http-client;6164;https://github.com/AsyncHttpClient/async-http-client;12.56;Java;1
zeppelin;6156;https://github.com/apache/zeppelin;8.51;Java;0
remusic;6140;https://github.com/aa112901/remusic;7.51;Java;0
SwipeBackLayout;6131;https://github.com/ikew0ng/SwipeBackLayout;10.09;Java;0
AndroidPicker;6117;https://github.com/gzu-liyujiang/AndroidPicker;7.94;Java;55
MaterialEditText;6117;https://github.com/rengwuxian/MaterialEditText;8.91;Java;19
baritone;6115;https://github.com/cabaletta/baritone;5.16;Java;75
richeditor-android;6097;https://github.com/wasabeef/richeditor-android;8.5;Java;0
Leaf;6097;https://github.com/Meituan-Dianping/Leaf;4.79;Java;0
NumberProgressBar;6048;https://github.com/daimajia/NumberProgressBar;9.41;Java;3
jsonschema2pojo;6046;https://github.com/joelittlejohn/jsonschema2pojo;10.27;Java;62
EffectiveAndroidUI;6028;https://github.com/pedrovgs/EffectiveAndroidUI;9.24;Java;0
smali;6022;https://github.com/JesusFreke/smali;11.01;Java;0
material;6019;https://github.com/rey5137/material;8.8;Java;10
physical-web;6017;https://github.com/google/physical-web;8.99;Java;17
dynamic-load-apk;5999;https://github.com/singwhatiwanna/dynamic-load-apk;9.5;Java;0
springcloud-learning;5991;https://github.com/macrozheng/springcloud-learning;4.05;Java;0
config;5986;https://github.com/lightbend/config;11.81;Java;0
GmsCore;5968;https://github.com/microg/GmsCore;9.43;Java;31
from-java-to-kotlin;5968;https://github.com/amitshekhariitbhu/from-java-to-kotlin;6.35;Java;0
xUtils3;5965;https://github.com/wyouflf/xUtils3;7.92;Java;9
androidmvp;5956;https://github.com/antoniolg/androidmvp;9.49;Java;0
j2objc;5951;https://github.com/google/j2objc;9.66;Java;39
graphql-java;5933;https://github.com/graphql-java/graphql-java;8.23;Java;68
junit5;5905;https://github.com/junit-team/junit5;8.71;Java;64
grafika;5897;https://github.com/google/grafika;9.78;Java;1
material-calendarview;5886;https://github.com/prolificinteractive/material-calendarview;8.63;Java;22
AndroidProject;5876;https://github.com/getActivity/AndroidProject;4.93;Java;17
motan;5857;https://github.com/weibocom/motan;7.44;Java;24
springfox;5851;https://github.com/springfox/springfox;11.4;Java;12
PowerJob;5831;https://github.com/PowerJob/PowerJob;3.53;Java;43
itstack-demo-design;5828;https://github.com/fuzhengwei/itstack-demo-design;3.35;Java;0
smile;5820;https://github.com/haifengl/smile;8.85;Java;24
quartz;5820;https://github.com/quartz-scheduler/quartz;7.56;Java;4
ssm;5814;https://github.com/liyifeng1994/ssm;7.28;Java;0
micronaut-core;5812;https://github.com/micronaut-projects/micronaut-core;5.56;Java;191
blade;5804;https://github.com/lets-blade/blade;8.3;Java;9
BoomMenu;5797;https://github.com/Nightonke/BoomMenu;7.53;Java;0
InfiniteCycleViewPager;5770;https://github.com/Devlight/InfiniteCycleViewPager;7.1;Java;2
DiskLruCache;5765;https://github.com/JakeWharton/DiskLruCache;11.73;Java;0
byte-buddy;5752;https://github.com/raphw/byte-buddy;9.84;Java;271
springside4;5746;https://github.com/springside/springside4;11.6;Java;3
wiremock;5731;https://github.com/wiremock/wiremock;11.97;Java;27
DiscreteScrollView;5714;https://github.com/yarolegovich/DiscreteScrollView;6.57;Java;2
robolectric;5709;https://github.com/robolectric/robolectric;13.09;Java;94
circular-progress-button;5687;https://github.com/dmytrodanylyk/circular-progress-button;9.31;Java;2
u2020;5682;https://github.com/JakeWharton/u2020;9.87;Java;0
FastHub;5681;https://github.com/k0shk0sh/FastHub;6.61;Java;63
tcc-transaction;5670;https://github.com/changmingxie/tcc-transaction;7.81;Java;6
aurora-imui;5664;https://github.com/jpush/aurora-imui;6.79;Java;42
jOOQ;5646;https://github.com/jOOQ/jOOQ;12.45;Java;0
AndroidImageSlider;5643;https://github.com/daimajia/AndroidImageSlider;9.32;Java;5
ksql;5637;https://github.com/confluentinc/ksql;7.0;Java;8
useful-java-links;5620;https://github.com/Vedenin/useful-java-links;7.62;Java;0
ShowcaseView;5600;https://github.com/amlcurran/ShowcaseView;11.12;Java;13
Fast-Android-Networking;5599;https://github.com/amitshekhariitbhu/Fast-Android-Networking;7.52;Java;8
FlowLayout;5588;https://github.com/hongyangAndroid/FlowLayout;8.08;Java;0
ListViewAnimations;5580;https://github.com/nhaarman/ListViewAnimations;10.53;Java;14
hazelcast;5570;https://github.com/hazelcast/hazelcast;11.52;Java;193
HMCL;5570;https://github.com/huanghongxun/HMCL;8.27;Java;192
disconf;5569;https://github.com/knightliao/disconf;9.33;Java;12
hibernate-orm;5557;https://github.com/hibernate/hibernate-orm;12.99;Java;16
btrace;5555;https://github.com/btraceio/btrace;9.08;Java;31
HTextView;5542;https://github.com/hanks-zyh/HTextView;7.78;Java;0
StickyListHeaders;5518;https://github.com/emilsjolander/StickyListHeaders;11.55;Java;16
SwipeRecyclerView;5509;https://github.com/yanzhenjie/SwipeRecyclerView;7.15;Java;0
zxing-android-embedded;5505;https://github.com/journeyapps/zxing-android-embedded;10.83;Java;9
incubator-kie-drools;5504;https://github.com/apache/incubator-kie-drools;12.61;Java;4
freeline;5495;https://github.com/alibaba/freeline;7.15;Java;22
react-native-splash-screen;5490;https://github.com/crazycodeboy/react-native-splash-screen;7.04;Java;12
mosby;5489;https://github.com/sockeqwe/mosby;8.51;Java;15
barcodescanner;5452;https://github.com/dm77/barcodescanner;9.59;Java;6
Blurry;5452;https://github.com/wasabeef/Blurry;8.18;Java;0
gephi;5451;https://github.com/gephi/gephi;11.94;Java;19
rebound;5444;https://github.com/facebookarchive/rebound;9.96;Java;10
starrocks;5440;https://github.com/StarRocks/starrocks;2.06;Java;78
LiTiaotiao-Custom-Rules;5439;https://github.com/Snoopy1866/LiTiaotiao-Custom-Rules;0.29;Java;30
java-jwt;5425;https://github.com/auth0/java-jwt;9.56;Java;44
gnirehtet;5421;https://github.com/Genymobile/gnirehtet;6.63;Java;12
dubbo-spring-boot-project;5398;https://github.com/apache/dubbo-spring-boot-project;5.69;Java;13
lanproxy;5397;https://github.com/ffay/lanproxy;6.85;Java;1
Discovery;5388;https://github.com/Nepxion/Discovery;5.27;Java;128
android-job;5388;https://github.com/Evernote/android-job;8.11;Java;31
scribejava;5378;https://github.com/scribejava/scribejava;13.07;Java;9
SystemBarTint;5373;https://github.com/jgilfelt/SystemBarTint;9.86;Java;3
SoloPi;5369;https://github.com/alipay/SoloPi;4.54;Java;8
DependencyCheck;5369;https://github.com/jeremylong/DependencyCheck;11.07;Java;54
Aria;5363;https://github.com/AriaLyy/Aria;7.61;Java;26
vavr;5359;https://github.com/vavr-io/vavr;9.66;Java;16
MagicCamera;5344;https://github.com/wuhaoyu1990/MagicCamera;7.72;Java;0
XRecyclerView;5334;https://github.com/XRecyclerView/XRecyclerView;7.86;Java;0
cw-omnibus;5319;https://github.com/commonsguy/cw-omnibus;11.55;Java;36
gradle-retrolambda;5316;https://github.com/evant/gradle-retrolambda;10.15;Java;37
wechat;5315;https://github.com/motianhuo/wechat;8.35;Java;0
Android-ZBLibrary;5315;https://github.com/TommyLemon/Android-ZBLibrary;8.11;Java;25
TapTargetView;5283;https://github.com/KeepSafe/TapTargetView;7.04;Java;23
android-advancedrecyclerview;5279;https://github.com/h6ah4i/android-advancedrecyclerview;8.68;Java;1
AndroidVideoCache;5275;https://github.com/danikula/AndroidVideoCache;8.49;Java;20
VitamioBundle;5268;https://github.com/yixia/VitamioBundle;10.94;Java;0
shimmer-android;5259;https://github.com/facebookarchive/shimmer-android;8.58;Java;5
twoway-view;5239;https://github.com/lucasr/twoway-view;10.69;Java;0
titan;5233;https://github.com/thinkaurelius/titan;11.59;Java;0
FloatingActionButton;5230;https://github.com/Clans/FloatingActionButton;8.52;Java;14
android-lifecycle;5227;https://github.com/xxv/android-lifecycle;9.45;Java;0
SpringBootVulExploit;5220;https://github.com/LandGrey/SpringBootVulExploit;3.35;Java;0
Side-Menu.Android;5220;https://github.com/Yalantis/Side-Menu.Android;8.71;Java;2
Dexter;5218;https://github.com/Karumi/Dexter;7.86;Java;33
Recaf;5199;https://github.com/Col-E/Recaf;6.17;Java;168
socket.io-client-java;5190;https://github.com/socketio/socket.io-client-java;10.42;Java;5
otto;5183;https://github.com/square/otto;11.25;Java;0
uid-generator;5170;https://github.com/baidu/uid-generator;6.5;Java;0
generator;5164;https://github.com/mybatis/generator;10.63;Java;11
AntennaPod;5153;https://github.com/AntennaPod/AntennaPod;11.16;Java;51
google-java-format;5143;https://github.com/google/google-java-format;8.38;Java;19
EdXposed;5122;https://github.com/ElderDrivers/EdXposed;4.69;Java;27
lamp-cloud;5115;https://github.com/dromara/lamp-cloud;5.69;Java;0
TVBoxOSC;5106;https://github.com/CatVodTVOfficial/TVBoxOSC;1.26;Java;0
ctci;5103;https://github.com/careercup/ctci;10.52;Java;0
lettuce-core;5103;https://github.com/lettuce-io/lettuce-core;9.39;Java;108
hive;5089;https://github.com/apache/hive;14.36;Java;0
pig;5083;https://github.com/pig-mesh/pig;4.09;Java;13
google-authenticator;5077;https://github.com/google/google-authenticator;8.97;Java;0
camel;5069;https://github.com/apache/camel;14.36;Java;0
FastBle;5038;https://github.com/Jasonchenlijian/FastBle;7.1;Java;9
BasePopup;5031;https://github.com/razerdp/BasePopup;7.7;Java;15
smartTable;5028;https://github.com/huangyanbin/smartTable;5.88;Java;44
Small;5026;https://github.com/wequick/Small;7.84;Java;25
JS-Sorting-Algorithm;5020;https://github.com/hustcc/JS-Sorting-Algorithm;6.69;Java;0
android-common;5016;https://github.com/Trinea/android-common;11.28;Java;1
UltraViewPager;5006;https://github.com/alibaba/UltraViewPager;6.5;Java;10
dialogplus;5006;https://github.com/orhanobut/dialogplus;8.79;Java;9
InstaMaterial;5003;https://github.com/frogermcs/InstaMaterial;8.88;Java;1
okdownload;5002;https://github.com/lingochamp/okdownload;5.78;Java;8
api-samples;4995;https://github.com/youtube/api-samples;9.8;Java;0
spring-mvc-showcase;4990;https://github.com/spring-attic/spring-mvc-showcase;12.32;Java;0
datax-web;4983;https://github.com/WeiYe-Jing/datax-web;3.85;Java;5
hbase;4977;https://github.com/apache/hbase;9.35;Java;35
cameraview;4735;https://github.com/google/cameraview;7.15;Java;0
GravitySnapHelper;4970;https://github.com/rubensousa/GravitySnapHelper;7.07;Java;14
groovy;4968;https://github.com/apache/groovy;8.45;Java;0
RxJava2-Android-Samples;4958;https://github.com/amitshekhariitbhu/RxJava2-Android-Samples;7.08;Java;0
LayoutManagerGroup;4956;https://github.com/DingMouRen/LayoutManagerGroup;5.42;Java;0
NavigationTabBar;4953;https://github.com/Devlight/NavigationTabBar;7.5;Java;13
janusgraph;4942;https://github.com/JanusGraph/janusgraph;6.75;Java;24
RippleEffect;4939;https://github.com/traex/RippleEffect;8.96;Java;0
joda-time;4939;https://github.com/JodaOrg/joda-time;12.37;Java;45
springboot-guide;4931;https://github.com/CodingDocs/springboot-guide;4.83;Java;0
spring-boot-projects;4894;https://github.com/ZHENFENG13/spring-boot-projects;6.49;Java;0
folding-cell-android;4884;https://github.com/Ramotion/folding-cell-android;7.49;Java;0
javaparser;4887;https://github.com/javaparser/javaparser;11.92;Java;44
opentsdb;4885;https://github.com/OpenTSDB/opentsdb;13.09;Java;26
views-widgets-samples;4860;https://github.com/android/views-widgets-samples;4.06;Java;0
Transitions-Everywhere;4842;https://github.com/andkulikov/Transitions-Everywhere;8.95;Java;23
packer-ng-plugin;4820;https://github.com/mcxiaoke/packer-ng-plugin;7.84;Java;1
CloudReader;4818;https://github.com/youlookwhat/CloudReader;6.85;Java;25
Luyten;4818;https://github.com/deathmarine/Luyten;10.22;Java;17
lucida;4813;https://github.com/claritylab/lucida;9.38;Java;0
sofa-boot;4808;https://github.com/sofastack/sofa-boot;5.49;Java;70
pinot;4807;https://github.com/apache/pinot;9.36;Java;17
thumbnailator;4804;https://github.com/coobird/thumbnailator;8.18;Java;0
kafdrop;4794;https://github.com/obsidiandynamics/kafdrop;4.34;Java;45
iceberg;4791;https://github.com/apache/iceberg;4.85;Java;13
spring-cloud-netflix;4782;https://github.com/spring-cloud/spring-cloud-netflix;9.22;Java;6
PojavLauncher;4780;https://github.com/PojavLauncherTeam/PojavLauncher;3.55;Java;123
linuxdeploy;4778;https://github.com/meefik/linuxdeploy;11.1;Java;37
Android-ConvenientBanner;4773;https://github.com/saiwu-bigkoo/Android-ConvenientBanner;8.76;Java;0
AndroidStaggeredGrid;4772;https://github.com/etsy/AndroidStaggeredGrid;9.8;Java;7
IJPay;4769;https://github.com/Javen205/IJPay;6.41;Java;24
web3j;4750;https://github.com/web3j/web3j;7.06;Java;106
mapdb;4749;https://github.com/jankotek/mapdb;11.12;Java;0
CameraView;4734;https://github.com/natario1/CameraView;6.19;Java;42
baseAdapter;4714;https://github.com/hongyangAndroid/baseAdapter;8.15;Java;0
ActiveAndroid;4710;https://github.com/pardom-zz/ActiveAndroid;10.87;Java;0
AmazeFileManager;4708;https://github.com/TeamAmaze/AmazeFileManager;9.21;Java;65
JimuReport;4703;https://github.com/jeecgboot/JimuReport;3.81;Java;11
XXPermissions;4702;https://github.com/getActivity/XXPermissions;5.28;Java;56
hippo4j;4697;https://github.com/opengoofy/hippo4j;2.28;Java;18
DKVideoPlayer;4695;https://github.com/Doikki/DKVideoPlayer;6.46;Java;32
android-tips-tricks;4686;https://github.com/nisrulz/android-tips-tricks;7.09;Java;0
gpmall;4686;https://github.com/2227324689/gpmall;4.19;Java;0
reactive-streams-jvm;4685;https://github.com/reactive-streams/reactive-streams-jvm;9.58;Java;0
cardslib;4685;https://github.com/gabrielemariotti/cardslib;10.02;Java;27
bitcoinj;4681;https://github.com/bitcoinj/bitcoinj;9.86;Java;4
JGrowing;4510;https://github.com/javagrowing/JGrowing;4.58;Java;0
reactor-core;4667;https://github.com/reactor/reactor-core;7.88;Java;148
cglib;4667;https://github.com/cglib/cglib;9.5;Java;15
vespa;4665;https://github.com/vespa-engine/vespa;7.32;Java;103
SwitchButton;4662;https://github.com/kyleduo/SwitchButton;9.05;Java;0
MaterialDateTimePicker;4660;https://github.com/wdullaer/MaterialDateTimePicker;8.73;Java;54
chuck;4659;https://github.com/jgilfelt/chuck;6.63;Java;5
react-native-linear-gradient;4651;https://github.com/react-native-linear-gradient/react-native-linear-gradient;8.5;Java;18
orientdb;4636;https://github.com/orientechnologies/orientdb;10.8;Java;204
shopping-management-system;4633;https://github.com/zhanglei-workspace/shopping-management-system;7.87;Java;0
roncoo-pay;4628;https://github.com/roncoo/roncoo-pay;7.19;Java;0
dddsample-core;4625;https://github.com/citerus/dddsample-core;8.65;Java;0
react-native-config;4618;https://github.com/luggit/react-native-config;7.59;Java;23
JSqlParser;4615;https://github.com/JSQLParser/JSqlParser;12.27;Java;31
v9porn;4614;https://github.com/techGay/v9porn;5.46;Java;9
YCSB;4601;https://github.com/brianfrankcooper/YCSB;13.45;Java;55
jetlinks-community;4594;https://github.com/jetlinks/jetlinks-community;3.73;Java;18
JustTrustMe;4348;https://github.com/Fuzion24/JustTrustMe;9.18;Java;1
sqlbrite;4587;https://github.com/square/sqlbrite;8.61;Java;9
Spring-Boot-In-Action;4583;https://github.com/hansonwang99/Spring-Boot-In-Action;4.66;Java;0
easy-rules;4581;https://github.com/j-easy/easy-rules;10.55;Java;10
JAViewer;4577;https://github.com/SplashCodes/JAViewer;7.35;Java;10
go-lang-idea-plugin;4573;https://github.com/go-lang-plugin-org/go-lang-idea-plugin;13.08;Java;21
Depth-LIB-Android-;4573;https://github.com/danielzeller/Depth-LIB-Android-;7.42;Java;0
SimplifyReader;4570;https://github.com/chentao0707/SimplifyReader;8.12;Java;0
PLDroidPlayer;4565;https://github.com/pili-engineering/PLDroidPlayer;8.32;Java;42
reflections;4564;https://github.com/ronmamo/reflections;10.45;Java;3
xpay;4559;https://github.com/Exrick/xpay;5.79;Java;0
android-crop;4546;https://github.com/jdamcd/android-crop;9.55;Java;6
ignite;4545;https://github.com/apache/ignite;8.61;Java;0
FirebaseUI-Android;4543;https://github.com/firebase/FirebaseUI-Android;8.22;Java;65
bottomsheet;4541;https://github.com/Flipboard/bottomsheet;8.43;Java;10
Douya;4533;https://github.com/zhanghai/Douya;7.65;Java;11
quasar;4531;https://github.com/puniverse/quasar;10.51;Java;18
flink-cdc-connectors;4526;https://github.com/ververica/flink-cdc-connectors;3.17;Java;13
XUI;4524;https://github.com/xuexiangjys/XUI;4.72;Java;23
hudi;4516;https://github.com/apache/hudi;6.79;Java;23
spring-authorization-server;4510;https://github.com/spring-projects/spring-authorization-server;3.53;Java;33
NineOldAndroids;4508;https://github.com/JakeWharton/NineOldAndroids;11.81;Java;0
SmoothProgressBar;4483;https://github.com/castorflex/SmoothProgressBar;9.84;Java;9
dexposed;4481;https://github.com/alibaba/dexposed;8.25;Java;0
rocketmq-externals;4477;https://github.com/apache/rocketmq-externals;6.54;Java;0
bilibili-android-client;4474;https://github.com/HotBitmapGG/bilibili-android-client;7.32;Java;1
ribbon;4467;https://github.com/Netflix/ribbon;10.7;Java;41
Android-IMSI-Catcher-Detector;4464;https://github.com/CellularPrivacy/Android-IMSI-Catcher-Detector;9.85;Java;48
Android-Touch-Helper;4450;https://github.com/zfdang/Android-Touch-Helper;2.95;Java;112
mybatis;4449;https://github.com/tuguangquan/mybatis;8.9;Java;0
android-times-square;4440;https://github.com/square/android-times-square;10.66;Java;0
android-mvp-architecture;4427;https://github.com/janishar/android-mvp-architecture;6.67;Java;0
crawler4j;4426;https://github.com/yasserg/crawler4j;11.74;Java;3
picocli;4422;https://github.com/remkop/picocli;6.65;Java;84
pmd;4422;https://github.com/pmd/pmd;11.22;Java;88
armeria;4410;https://github.com/line/armeria;7.87;Java;222
austin;4405;https://github.com/ZhongFuCheng3y/austin;1.89;Java;0
bisq;4404;https://github.com/bisq-network/bisq;9.55;Java;134
querydsl;4392;https://github.com/querydsl/querydsl;12.15;Java;34
SpringBoot-Shiro-Vue;4386;https://github.com/Heeexy/SpringBoot-Shiro-Vue;5.86;Java;0
rstudio;4377;https://github.com/rstudio/rstudio;12.81;Java;0
libsvm;4373;https://github.com/cjlin1/libsvm;10.05;Java;0
lwjgl3;4362;https://github.com/LWJGL/lwjgl3;10.76;Java;18
jetcache;4361;https://github.com/alibaba/jetcache;6.46;Java;63
GT;4358;https://github.com/Tencent/GT;7.71;Java;3
BottomNavigation;4353;https://github.com/Ashok-Varma/BottomNavigation;7.53;Java;16
leet-code;4346;https://github.com/awangdev/leet-code;8.43;Java;0
Robust;4344;https://github.com/Meituan-Dianping/Robust;6.54;Java;13
JSON-java;4341;https://github.com/stleary/JSON-java;12.77;Java;18
react-native-webrtc;4339;https://github.com/react-native-webrtc/react-native-webrtc;8.0;Java;64
ticker;4334;https://github.com/robinhood/ticker;7.2;Java;9
traccar;4329;https://github.com/traccar/traccar;11.45;Java;45
DeepLinkDispatch;4322;https://github.com/airbnb/DeepLinkDispatch;8.3;Java;24
novel;4321;https://github.com/201206030/novel;3.88;Java;10
azkaban;4316;https://github.com/azkaban/azkaban;10.95;Java;48
QR-Code-generator;4312;https://github.com/nayuki/QR-Code-generator;7.45;Java;3
android-volley;4305;https://github.com/mcxiaoke/android-volley;10.36;Java;0
BGARefreshLayout-Android;4299;https://github.com/bingoogolapple/BGARefreshLayout-Android;8.34;Java;4
JKeyboardPanelSwitch;4177;https://github.com/Jacksgong/JKeyboardPanelSwitch;8.24;Java;14
graphhopper;4295;https://github.com/graphhopper/graphhopper;11.61;Java;40
runelite;4293;https://github.com/runelite/runelite;7.41;Java;0
GCViewer;4293;https://github.com/chewiebug/GCViewer;11.93;Java;5
java-algorithms-implementation;4293;https://github.com/phishman3579/java-algorithms-implementation;9.85;Java;0
ImagePicker;4280;https://github.com/jeasonlzy/ImagePicker;7.67;Java;5
coursera-android;4276;https://github.com/aporter/coursera-android;9.73;Java;0
NekoX;4270;https://github.com/NekoX-Dev/NekoX;3.48;Java;187
mockserver;4266;https://github.com/mock-server/mockserver;10.59;Java;0
microservices-platform;4261;https://github.com/zlt2000/microservices-platform;4.56;Java;29
MusicBot;4260;https://github.com/jagrosh/MusicBot;7.12;Java;34
AndroidHttpCapture;4254;https://github.com/JZ-Darkal/AndroidHttpCapture;6.95;Java;1
usb-serial-for-android;4254;https://github.com/mik3y/usb-serial-for-android;10.24;Java;26
android-autofittextview;4242;https://github.com/grantland/android-autofittextview;12.62;Java;1
small-spring;4242;https://github.com/fuzhengwei/small-spring;2.37;Java;0
objectbox-java;4240;https://github.com/objectbox/objectbox-java;6.67;Java;38
simplify;4237;https://github.com/CalebFenton/simplify;9.7;Java;9
java-eight-part;4236;https://github.com/CoderLeixiaoshuai/java-eight-part;2.95;Java;0
moco;4231;https://github.com/dreamhead/moco;10.95;Java;1
epic;4229;https://github.com/tiann/epic;6.35;Java;5
sodium-fabric;4226;https://github.com/CaffeineMC/sodium-fabric;3.65;Java;28
concurrent;4225;https://github.com/RedSpider1/concurrent;4.9;Java;0
ShineButton;4219;https://github.com/ChadCSong/ShineButton;7.23;Java;2
dynamic-datasource;4212;https://github.com/baomidou/dynamic-datasource;5.42;Java;15
tx-lcn;4209;https://github.com/codingapi/tx-lcn;5.88;Java;14
javacpp;4205;https://github.com/bytedeco/javacpp;9.44;Java;10
CircleIndicator;4200;https://github.com/ongakuer/CircleIndicator;9.16;Java;7
spring-cloud-gateway;4185;https://github.com/spring-cloud/spring-cloud-gateway;6.86;Java;5
CoordinatorTabLayout;4184;https://github.com/hugeterry/CoordinatorTabLayout;6.67;Java;0
InternetArchitect;4182;https://github.com/bjmashibing/InternetArchitect;3.94;Java;0
shiro;4172;https://github.com/apache/shiro;14.08;Java;0
ForestBlog;4172;https://github.com/saysky/ForestBlog;5.97;Java;0
AndroidTutorialForBeginners;4168;https://github.com/hussien89aa/AndroidTutorialForBeginners;7.0;Java;0
OpenHub;4163;https://github.com/ThirtyDegreesRay/OpenHub;6.21;Java;31
BGABanner-Android;4155;https://github.com/bingoogolapple/BGABanner-Android;8.93;Java;0
java-learning;4153;https://github.com/brianway/java-learning;7.63;Java;0
mini-spring;4142;https://github.com/DerekYRC/mini-spring;2.86;Java;0
Geyser;4136;https://github.com/GeyserMC/Geyser;4.22;Java;0
oshi;4136;https://github.com/oshi/oshi;11.63;Java;144
StepView;4131;https://github.com/baoyachi/StepView;7.27;Java;13
AndroidWiFiADB;4128;https://github.com/pedrovgs/AndroidWiFiADB;7.95;Java;8
FloatWindow;4127;https://github.com/yhaolpz/FloatWindow;5.87;Java;9
DesignPattern;4121;https://github.com/youlookwhat/DesignPattern;6.93;Java;0
Gadgetbridge;4118;https://github.com/Freeyourgadget/Gadgetbridge;8.73;Java;0
micrometer;4113;https://github.com/micrometer-metrics/micrometer;6.47;Java;199
Tangram-Android;4111;https://github.com/alibaba/Tangram-Android;6.5;Java;38
killbill;4106;https://github.com/killbill/killbill;10.94;Java;142
frontend-maven-plugin;4088;https://github.com/eirslett/frontend-maven-plugin;10.08;Java;0
LoadingDrawable;4076;https://github.com/dinuscxj/LoadingDrawable;7.45;Java;0
ExpandableTextView;4073;https://github.com/Manabu-GT/ExpandableTextView;9.37;Java;4
powermock;4071;https://github.com/powermock/powermock;9.34;Java;16
liquibase;4064;https://github.com/liquibase/liquibase;12.23;Java;89
ViewPagerCards;4058;https://github.com/rubensousa/ViewPagerCards;7.1;Java;0
hmily;4050;https://github.com/dromara/hmily;6.0;Java;0
strimzi-kafka-operator;4045;https://github.com/strimzi/strimzi-kafka-operator;7.39;Java;126
jeepay;4044;https://github.com/jeequan/jeepay;6.13;Java;0
wgcloud;4041;https://github.com/tianshiyeben/wgcloud;4.7;Java;20
calcite;4038;https://github.com/apache/calcite;9.26;Java;0
iotdb;4035;https://github.com/apache/iotdb;4.84;Java;33
Phoenix;4032;https://github.com/Yalantis/Phoenix;8.71;Java;1
keepass2android;4031;https://github.com/PhilippC/keepass2android;6.02;Java;25
jodd;4025;https://github.com/oblac/jodd;11.06;Java;37
FloatingActionButton;4016;https://github.com/makovkastar/FloatingActionButton;9.19;Java;0
CC;4016;https://github.com/luckybilly/CC;5.84;Java;0
Bolts-Android;4008;https://github.com/BoltsFramework/Bolts-Android;9.66;Java;11
dragonwell8;4006;https://github.com/dragonwell-project/dragonwell8;4.56;Java;26
nifi;4006;https://github.com/apache/nifi;8.79;Java;0
TelegramBots;4002;https://github.com/rubenlagus/TelegramBots;7.7;Java;80
mall4j;3995;https://github.com/gz-yami/mall4j;4.23;Java;3
failsafe;3993;https://github.com/failsafe-lib/failsafe;8.25;Java;0
TwinklingRefreshLayout;3993;https://github.com/lcodecorex/TwinklingRefreshLayout;7.57;Java;0
BadgeView;3992;https://github.com/qstumn/BadgeView;6.63;Java;5
opengrok;3978;https://github.com/oracle/opengrok;10.72;Java;246
XCL-Charts;3966;https://github.com/xcltapestry/XCL-Charts;9.3;Java;0
--;3964;https://github.com/981011512/--;3.27;Java;0
blog_demos;3962;https://github.com/zq2599/blog_demos;6.47;Java;0
spring-boot-starter;3962;https://github.com/mybatis/spring-boot-starter;8.01;Java;28
greys-anatomy;3956;https://github.com/oldmanpushcart/greys-anatomy;10.85;Java;0
RxJavaSamples;3955;https://github.com/rengwuxian/RxJavaSamples;7.51;Java;3
jitsi;3952;https://github.com/jitsi/jitsi;10.43;Java;9
hawk;3947;https://github.com/orhanobut/hawk;8.6;Java;22
aviatorscript;3946;https://github.com/killme2008/aviatorscript;12.5;Java;49
flink-recommandSystem-demo;3946;https://github.com/will-che/flink-recommandSystem-demo;4.37;Java;0
BigImageViewer;3940;https://github.com/Piasy/BigImageViewer;6.89;Java;0
malmo;3938;https://github.com/microsoft/malmo;7.36;Java;21
tiny-spring;3935;https://github.com/code4craft/tiny-spring;9.72;Java;0
jpexs-decompiler;3932;https://github.com/jindrapetrik/jpexs-decompiler;9.39;Java;149
jstorm;3928;https://github.com/alibaba/jstorm;10.07;Java;22
android-iconify;3920;https://github.com/JoanZapata/android-iconify;10.3;Java;0
OsmAnd;3917;https://github.com/osmandapp/OsmAnd;12.7;Java;1
open-location-code;3909;https://github.com/google/open-location-code;8.99;Java;5
SmartCropper;3905;https://github.com/pqpo/SmartCropper;6.15;Java;13
javassist;3905;https://github.com/jboss-javassist/javassist;10.35;Java;21
AutoX;3899;https://github.com/kkevsekk1/AutoX;3.18;Java;75
LSPatch;3896;https://github.com/LSPosed/LSPatch;2.57;Java;8
library;3884;https://github.com/ddd-by-examples/library;4.71;Java;0
Conductor;3881;https://github.com/bluelinelabs/Conductor;7.53;Java;36
JDA;3881;https://github.com/discord-jda/JDA;7.79;Java;77
GuideView;3876;https://github.com/binIoter/GuideView;7.27;Java;0
dubbo-admin;3874;https://github.com/apache/dubbo-admin;5.71;Java;6
learning-spark;3865;https://github.com/databricks/learning-spark;9.28;Java;0
maven;3865;https://github.com/apache/maven;14.36;Java;11
Ant-Media-Server;3864;https://github.com/ant-media/Ant-Media-Server;6.58;Java;48
h2database;3861;https://github.com/h2database/h2database;8.47;Java;21
ahbottomnavigation;3858;https://github.com/aurelhubert/ahbottomnavigation;7.53;Java;14
kestra;3857;https://github.com/kestra-io/kestra;4.09;Java;30
bistoury;3857;https://github.com/qunarcorp/bistoury;4.16;Java;8
RichText;3851;https://github.com/zzhoujay/RichText;8.19;Java;0
interviewGuide;3824;https://github.com/NotFound9/interviewGuide;7.44;Java;0
MaterialSearchView;3822;https://github.com/MiguelCatalan/MaterialSearchView;8.04;Java;6
tech-weekly;3813;https://github.com/mercyblitz/tech-weekly;4.82;Java;0
MifareClassicTool;3806;https://github.com/ikarus23/MifareClassicTool;10.62;Java;3
CircleProgress;3783;https://github.com/lzyzsd/CircleProgress;8.91;Java;0
roboguice;3781;https://github.com/roboguice/roboguice;11.13;Java;0
maxwell;3779;https://github.com/zendesk/maxwell;8.63;Java;203
jacoco;3774;https://github.com/jacoco/jacoco;11.22;Java;46
FXGL;3769;https://github.com/AlmasB/FXGL;8.52;Java;56
crate;3769;https://github.com/crate/crate;10.47;Java;76
XposedInstaller;3768;https://github.com/rovo89/XposedInstaller;11.49;Java;0
Launcher3;3753;https://github.com/amirzaidi/Launcher3;6.33;Java;22
Linkage-RecyclerView;3569;https://github.com/KunMinX/Linkage-RecyclerView;4.43;Java;0
sofa-rpc;3748;https://github.com/sofastack/sofa-rpc;5.47;Java;56
chunjun;3747;https://github.com/DTStack/chunjun;5.48;Java;30
sticky-headers-recyclerview;3743;https://github.com/timehop/sticky-headers-recyclerview;8.99;Java;0
MarqueeView;3739;https://github.com/sunfusheng/MarqueeView;7.32;Java;0
DataMiningAlgorithm;3733;https://github.com/linyiqun/DataMiningAlgorithm;8.71;Java;0
spruce-android;3722;https://github.com/willowtreeapps/spruce-android;6.59;Java;3
andOTP;3712;https://github.com/andOTP/andOTP;6.23;Java;38
NoHttp;3707;https://github.com/yanzhenjie/NoHttp;8.17;Java;0
spotless;3703;https://github.com/diffplug/spotless;8.42;Java;0
xboot;3702;https://github.com/Exrick/xboot;5.43;Java;6
Guns;3694;https://github.com/stylefeng/Guns;6.23;Java;0
XChange;3690;https://github.com/knowm/XChange;11.65;Java;0
megabasterd;3689;https://github.com/tonikelope/megabasterd;6.99;Java;180
effective-java-3e-source-code;3688;https://github.com/jbloch/effective-java-3e-source-code;5.15;Java;0
StylishMusicPlayer;3681;https://github.com/ryanhoo/StylishMusicPlayer;7.04;Java;0
logisim-evolution;3681;https://github.com/logisim-evolution/logisim-evolution;9.02;Java;29
openai-java;3679;https://github.com/TheoKanning/openai-java;3.03;Java;17
CustomActivityOnCrash;3677;https://github.com/Ereza/CustomActivityOnCrash;9.24;Java;12
ASimpleCache;3675;https://github.com/yangfuhai/ASimpleCache;10.17;Java;0
lilishop;3675;https://github.com/lilishop/lilishop;2.37;Java;3
mpush;3674;https://github.com/mpusher/mpush;7.42;Java;9
wvp-GB28181-pro;3672;https://github.com/648540858/wvp-GB28181-pro;2.87;Java;0
BackgroundLibrary;3666;https://github.com/JavaNoober/BackgroundLibrary;5.05;Java;13
blurkit-android;3660;https://github.com/CameraKit/blurkit-android;6.89;Java;3
serve;3657;https://github.com/pytorch/serve;3.98;Java;19
LiveEventBus;3654;https://github.com/JeremyLiao/LiveEventBus;5.21;Java;0
TinyPinyin;3653;https://github.com/promeG/TinyPinyin;7.99;Java;2
jetty.project;3650;https://github.com/eclipse/jetty.project;12.21;Java;72
atmosphere;3646;https://github.com/Atmosphere/atmosphere;13.25;Java;0
incubator-heron;3644;https://github.com/apache/incubator-heron;8.01;Java;56
ChatKit;3644;https://github.com/stfalcon-studio/ChatKit;6.65;Java;1
rejoiner;3643;https://github.com/google/rejoiner;5.81;Java;3
android-common;3638;https://github.com/litesuits/android-common;9.33;Java;0
DSBridge-Android;3628;https://github.com/wendux/DSBridge-Android;6.73;Java;2
SwipeDelMenuLayout;3610;https://github.com/mcxtzhang/SwipeDelMenuLayout;7.09;Java;2
emojicon;3610;https://github.com/rockerhieu/emojicon;9.69;Java;2
Infinity-For-Reddit;3609;https://github.com/Docile-Alligator/Infinity-For-Reddit;5.17;Java;126
Leetcode;3604;https://github.com/fishercoder1534/Leetcode;7.16;Java;0
ExplosionField;3596;https://github.com/tyrantgit/ExplosionField;8.01;Java;0
groupie;3594;https://github.com/lisawray/groupie;7.07;Java;28
Skeleton;3593;https://github.com/ethanhua/Skeleton;6.16;Java;0
DropDownMenu;3588;https://github.com/dongjunkun/DropDownMenu;8.27;Java;2
Play-with-Algorithms;3584;https://github.com/liuyubobobo/Play-with-Algorithms;7.23;Java;0
android-stackblur;3583;https://github.com/kikoso/android-stackblur;10.12;Java;0
android;3577;https://github.com/nextcloud/android;7.31;Java;212
IoT-Technical-Guide;3575;https://github.com/IoT-Technology/IoT-Technical-Guide;4.49;Java;0
db-tutorial;3573;https://github.com/dunwu/db-tutorial;6.14;Java;0
parceler;3567;https://github.com/johncarl81/parceler;10.24;Java;0
poi-tl;3552;https://github.com/Sayi/poi-tl;8.53;Java;13
GDA-android-reversing-Tool;3551;https://github.com/charles2gan/GDA-android-reversing-Tool;5.91;Java;39
Terasology;3550;https://github.com/MovingBlocks/Terasology;12.57;Java;69
databus;3547;https://github.com/linkedin/databus;10.78;Java;0
Store;3545;https://github.com/nytimes/Store;6.83;Java;0
ThreeTenABP;3540;https://github.com/JakeWharton/ThreeTenABP;8.24;Java;0
floatingsearchview;3539;https://github.com/arimorty/floatingsearchview;7.85;Java;0
jmonkeyengine;3539;https://github.com/jMonkeyEngine/jmonkeyengine;9.52;Java;56
MagicaSakura;3538;https://github.com/bilibili/MagicaSakura;7.26;Java;3
awaitility;3537;https://github.com/awaitility/awaitility;13.68;Java;0
RecyclerViewPager;3537;https://github.com/lsjwzh/RecyclerViewPager;8.7;Java;10
FlexibleAdapter;3536;https://github.com/davideas/FlexibleAdapter;8.41;Java;30
retrolambda;3536;https://github.com/luontola/retrolambda;10.19;Java;0
hertzbeat;3532;https://github.com/dromara/hertzbeat;1.64;Java;24
camunda-bpm-platform;3530;https://github.com/camunda/camunda-bpm-platform;10.73;Java;0
typedb;3529;https://github.com/vaticle/typedb;7.21;Java;102
kylin;3526;https://github.com/apache/kylin;8.73;Java;0
IDDD_Samples;3525;https://github.com/VaughnVernon/IDDD_Samples;10.47;Java;0
ByteLegend;3523;https://github.com/ByteLegend/ByteLegend;2.65;Java;0
hackpad;3521;https://github.com/dropbox/hackpad;8.12;Java;0
ripme;3521;https://github.com/RipMeApp/ripme;6.72;Java;126
netty-learning;3513;https://github.com/code4craft/netty-learning;10.02;Java;0
Music-Player;3509;https://github.com/andremion/Music-Player;7.39;Java;2
SwipeMenuListView;3506;https://github.com/baoyongzhang/SwipeMenuListView;9.1;Java;2
ipscan;3506;https://github.com/angryip/ipscan;12.25;Java;30
AppUpdate;3505;https://github.com/WVector/AppUpdate;6.27;Java;3
light-4j;3505;https://github.com/networknt/light-4j;7.05;Java;174
data-transfer-project;3502;https://github.com/google/data-transfer-project;5.73;Java;58
GeekNews;3492;https://github.com/codeestX/GeekNews;7.14;Java;0
djl;3491;https://github.com/deepjavalibrary/djl;3.91;Java;24
AndServer;3482;https://github.com/yanzhenjie/AndServer;7.29;Java;1
android-maps-utils;3482;https://github.com/googlemaps/android-maps-utils;10.37;Java;36
SeeWeather;3459;https://github.com/xcc3641/SeeWeather;7.6;Java;2
java-tron;3457;https://github.com/tronprotocol/java-tron;5.75;Java;73
vertx-examples;3455;https://github.com/vert-x3/vertx-examples;8.59;Java;0
java-developer-roadmap;3448;https://github.com/s4kibs4mi/java-developer-roadmap;4.43;Java;0
openhab1-addons;3446;https://github.com/openhab/openhab1-addons;10.02;Java;14
Android;3436;https://github.com/hmkcode/Android;10.07;Java;0
incubator-streampark;3436;https://github.com/apache/incubator-streampark;4.34;Java;17
undertow;3433;https://github.com/undertow-io/undertow;11.19;Java;0
giffun;3429;https://github.com/guolindev/giffun;4.66;Java;0
SSM;3420;https://github.com/crossoverJie/SSM;7.27;Java;10
spock;3420;https://github.com/spockframework/spock;12.8;Java;21
react-native-share;3418;https://github.com/react-native-share/react-native-share;7.99;Java;111
LoadSir;3412;https://github.com/KingJA/LoadSir;6.07;Java;6
AlgoDS;3411;https://github.com/sherxon/AlgoDS;6.78;Java;0
BottomNavigationViewEx;3407;https://github.com/ittianyu/BottomNavigationViewEx;6.87;Java;19
android-priority-jobqueue;3407;https://github.com/yigit/android-priority-jobqueue;9.27;Java;0
Android-Week-View;3403;https://github.com/alamkanak/Android-Week-View;9.03;Java;4
Alink;3403;https://github.com/alibaba/Alink;4.99;Java;21
leetcode-editor;3402;https://github.com/shuzijun/leetcode-editor;4.53;Java;45
NullAway;3400;https://github.com/uber/NullAway;6.07;Java;4
PreviewSeekBar;3394;https://github.com/rubensousa/PreviewSeekBar;6.67;Java;10
android-butterknife-zelezny;3393;https://github.com/avast/android-butterknife-zelezny;9.76;Java;8
NewbieGuide;3393;https://github.com/huburt-Hu/NewbieGuide;6.17;Java;20
Pixiv-Shaft;3392;https://github.com/CeuiLiSA/Pixiv-Shaft;4.49;Java;92
spring-boot-best-practice;3384;https://github.com/javastacks/spring-boot-best-practice;4.88;Java;0
libstreaming;3382;https://github.com/fyhertz/libstreaming;10.66;Java;0
Android-BluetoothKit;3375;https://github.com/dingjikerbo/Android-BluetoothKit;7.97;Java;0
LQRWeChat;3370;https://github.com/GitLqr/LQRWeChat;6.64;Java;0
MyBatis-Spring-Boot;3368;https://github.com/abel533/MyBatis-Spring-Boot;7.78;Java;0
allure2;3363;https://github.com/allure-framework/allure2;7.34;Java;64
pixel-dungeon;3363;https://github.com/watabou/pixel-dungeon;9.18;Java;0
spring-cloud-kubernetes;3356;https://github.com/spring-cloud/spring-cloud-kubernetes;6.79;Java;9
JCTools;3354;https://github.com/JCTools/JCTools;9.88;Java;16
JavaEETest;3354;https://github.com/lenve/JavaEETest;6.79;Java;0
jackson-databind;3353;https://github.com/FasterXML/jackson-databind;11.77;Java;0
android-hidden-api;3347;https://github.com/anggrayudi/android-hidden-api;8.03;Java;1
archi;3343;https://github.com/ivacf/archi;8.05;Java;0
volley;3341;https://github.com/google/volley;6.67;Java;9
geoserver;3337;https://github.com/geoserver/geoserver;11.88;Java;33
ScalingLayout;3331;https://github.com/iammert/ScalingLayout;5.99;Java;4
DDComponentForAndroid;3327;https://github.com/luojilab/DDComponentForAndroid;6.05;Java;4
AutoDispose;3325;https://github.com/uber/AutoDispose;6.76;Java;4
immutables;3325;https://github.com/immutables/immutables;10.23;Java;9
screw;3321;https://github.com/pingfangushi/screw;3.27;Java;0
My-Blog;3318;https://github.com/ZHENFENG13/My-Blog;4.57;Java;0
tablesaw;3317;https://github.com/jtablesaw/tablesaw;7.74;Java;79
bitcoin-wallet;3315;https://github.com/bitcoin-wallet/bitcoin-wallet;11.5;Java;18
guide-rpc-framework;3314;https://github.com/Snailclimb/guide-rpc-framework;3.38;Java;0
BannerViewPager;3312;https://github.com/zhpanvip/BannerViewPager;6.5;Java;56
sofa-jraft;3311;https://github.com/sofastack/sofa-jraft;4.57;Java;28
99-problems;3306;https://github.com/shekhargulati/99-problems;7.85;Java;0
AppManager;3305;https://github.com/MuntashirAkon/AppManager;3.33;Java;63
RxAndroidBle;3305;https://github.com/dariuszseweryn/RxAndroidBle;7.65;Java;56
actor-platform;3301;https://github.com/actorapp/actor-platform;8.27;Java;97
http-request;3298;https://github.com/kevinsawicki/http-request;11.94;Java;0
SuperTextView;3288;https://github.com/chenBingX/SuperTextView;6.45;Java;33
ffmpeg-android-java;3276;https://github.com/WritingMinds/ffmpeg-android-java;9.05;Java;8
igniter;3276;https://github.com/trojan-gfw/igniter;4.88;Java;33
dolby_beta;3268;https://github.com/nining377/dolby_beta;3.36;Java;37
BubbleSeekBar;3267;https://github.com/woxingxiao/BubbleSeekBar;6.9;Java;12
migration;3267;https://github.com/phodal/migration;3.72;Java;0
zotfile;3261;https://github.com/jlegewie/zotfile;11.75;Java;33
hope-boot;3260;https://github.com/java-aodeng/hope-boot;4.95;Java;2
CompreFace;3259;https://github.com/exadel-inc/CompreFace;3.22;Java;11
LeafPic;3249;https://github.com/UnevenSoftware/LeafPic;7.72;Java;7
shopizer;3248;https://github.com/shopizer-ecommerce/shopizer;10.85;Java;18
UETool;3242;https://github.com/eleme/UETool;5.37;Java;10
jvm-serializers;3241;https://github.com/eishay/jvm-serializers;13.43;Java;0
Digital;3235;https://github.com/hneemann/Digital;7.25;Java;34
Android-Tips;3234;https://github.com/tangqi92/Android-Tips;8.05;Java;0
android-saripaar;3232;https://github.com/ragunathjawahar/android-saripaar;11.05;Java;3
ChipsLayoutManager;3230;https://github.com/BelooS/ChipsLayoutManager;7.15;Java;11
red5-server;3230;https://github.com/Red5/red5-server;9.86;Java;77
jvm-tools;3228;https://github.com/aragozin/jvm-tools;11.42;Java;0
novel-plus;3221;https://github.com/201206030/novel-plus;3.4;Java;21
LoganSquare;3220;https://github.com/bluelinelabs/LoganSquare;8.61;Java;0
brigadier;3218;https://github.com/Mojang/brigadier;9.04;Java;3
initializr;3217;https://github.com/spring-io/initializr;10.31;Java;15
BlurView;3216;https://github.com/Dimezis/BlurView;7.44;Java;27
GalleryFinal;3213;https://github.com/pengjianbo/GalleryFinal;8.02;Java;4
RoaringBitmap;3211;https://github.com/RoaringBitmap/RoaringBitmap;10.28;Java;17
jfinal;3210;https://github.com/jfinal/jfinal;11.43;Java;0
cobar;3206;https://github.com/alibaba/cobar;9.7;Java;1
bundletool;3206;https://github.com/google/bundletool;5.4;Java;55
AndroidViewHover;3204;https://github.com/daimajia/AndroidViewHover;9.14;Java;4
drag-sort-listview;3196;https://github.com/bauerca/drag-sort-listview;11.33;Java;0
boxing;3195;https://github.com/bilibili/boxing;6.68;Java;1
WePush;3190;https://github.com/rememberber/WePush;6.26;Java;56
librec;3188;https://github.com/guoguibing/librec;9.72;Java;3
leetcode;3188;https://github.com/gouthampradhan/leetcode;6.55;Java;0
Cockroach;3181;https://github.com/android-notes/Cockroach;6.62;Java;1
network-connection-class;3172;https://github.com/facebookarchive/network-connection-class;8.53;Java;2
PRDownloader;3170;https://github.com/amitshekhariitbhu/PRDownloader;5.88;Java;5
GsonFormat;3169;https://github.com/zzz40500/GsonFormat;8.91;Java;4
spotbugs;3167;https://github.com/spotbugs/spotbugs;6.9;Java;57
StickerCamera;3167;https://github.com/Skykai521/StickerCamera;8.23;Java;0
QNotified;3165;https://github.com/ferredoxin/QNotified;4.51;Java;28
TextDrawable;3165;https://github.com/amulyakhare/TextDrawable;8.94;Java;0
helidon;3164;https://github.com/helidon-io/helidon;5.08;Java;79
ActionBar-PullToRefresh;3164;https://github.com/chrisbanes/ActionBar-PullToRefresh;10.32;Java;0
AndEngine;3164;https://github.com/nicolasgramlich/AndEngine;11.85;Java;0
afinal;3162;https://github.com/yangfuhai/afinal;10.95;Java;0
Java8InAction;3161;https://github.com/java8/Java8InAction;9.92;Java;0
openj9;3161;https://github.com/eclipse-openj9/openj9;6.09;Java;40
citypicker;3159;https://github.com/crazyandcoder/citypicker;7.38;Java;4
logging-log4j2;3157;https://github.com/apache/logging-log4j2;10.3;Java;0
incubator-kie-optaplanner;3155;https://github.com/apache/incubator-kie-optaplanner;12.62;Java;4
VideoPlayerManager;3145;https://github.com/danylovolokh/VideoPlayerManager;8.22;Java;0
linkis;3137;https://github.com/apache/linkis;4.18;Java;30
java;3136;https://github.com/kubernetes-client/java;6.39;Java;37
MyPerf4J;3135;https://github.com/LinShunKang/MyPerf4J;5.55;Java;22
native-navigation;3134;https://github.com/airbnb/native-navigation;7.03;Java;0
Highlight;3132;https://github.com/hongyangAndroid/Highlight;7.97;Java;0
requery;3127;https://github.com/requery/requery;7.87;Java;43
ShedLock;3124;https://github.com/lukas-krecan/ShedLock;6.79;Java;0
jabref;3122;https://github.com/JabRef/jabref;9.55;Java;38
kubernetes-client;3121;https://github.com/fabric8io/kubernetes-client;8.22;Java;103
android-mvp-mvvm-flytour;3117;https://github.com/mxdldev/android-mvp-mvvm-flytour;4.76;Java;11
animate;3117;https://github.com/hitherejoe/animate;7.87;Java;0
android-adDialog;3115;https://github.com/yipianfengye/android-adDialog;7.15;Java;0
AxonFramework;3114;https://github.com/AxonFramework/AxonFramework;11.82;Java;116
ShadowLayout;3107;https://github.com/lihangleo2/ShadowLayout;4.22;Java;26
android;3106;https://github.com/cSploit/android;8.98;Java;33
JavaSourceCodeLearning;3106;https://github.com/coderbruis/JavaSourceCodeLearning;3.32;Java;0
RxEasyHttp;3104;https://github.com/zhou-you/RxEasyHttp;6.31;Java;0
lombok-intellij-plugin;3104;https://github.com/mplushnikov/lombok-intellij-plugin;9.97;Java;116
marshalsec;3102;https://github.com/mbechler/marshalsec;6.35;Java;0
ftgo-application;3100;https://github.com/microservices-patterns/ftgo-application;5.93;Java;0
CityPicker;3096;https://github.com/zaaach/CityPicker;7.58;Java;2
MarsDaemon;3096;https://github.com/Marswin/MarsDaemon;7.76;Java;0
grpc-spring-boot-starter;3095;https://github.com/yidongnan/grpc-spring-boot-starter;6.74;Java;31
ShapeOfView;3083;https://github.com/florent37/ShapeOfView;5.61;Java;0
react-native-notifications;3083;https://github.com/wix/react-native-notifications;7.48;Java;28
TableView;3081;https://github.com/evrencoskun/TableView;6.29;Java;12
unidbg;3070;https://github.com/zhkl0228/unidbg;4.58;Java;14
RealtimeBlurView;3057;https://github.com/mmin18/RealtimeBlurView;7.02;Java;0
ReLinker;3056;https://github.com/KeepSafe/ReLinker;7.95;Java;12
YCAppTool;3056;https://github.com/yangchong211/YCAppTool;6.0;Java;10
booksource;3056;https://github.com/guolindev/booksource;6.98;Java;0
RecyclerViewItemAnimators;3051;https://github.com/gabrielemariotti/RecyclerViewItemAnimators;9.1;Java;0
yanxuan-weex-demo;3045;https://github.com/zwwill/yanxuan-weex-demo;6.06;Java;0
yacy_search_server;3042;https://github.com/yacy/yacy_search_server;8.52;Java;0
concurrency-limits;3042;https://github.com/Netflix/concurrency-limits;5.79;Java;92
